,x1,x2,x3,y
0,37.27672659212472,42.46285396756355,11.550200754166752,1.0
1,58.416218158054036,82.26224210728599,14.916556682610324,1.0
2,26.602433128855633,59.77884120492352,11.506534703545656,1.0
3,60.720487100098794,82.25777392194777,16.764500970492804,0.0
4,41.58837917375196,43.00134928844505,11.522822056090611,1.0
5,57.99527589941308,43.08410745491925,12.990075821745801,1.0
6,62.52690564641675,68.67021562143184,15.795652504974576,0.0
7,62.245512859612504,52.92170362395353,13.8731511511217,1.0
8,50.31500147986971,51.6755439767639,12.732952412651162,1.0
9,76.01485722215403,50.75104207193852,14.497290203898867,1.0
10,52.11930637187781,64.58741220394931,13.978496035679015,1.0
11,64.59191171749399,48.87335644547577,13.73544941052317,1.0
12,62.116573590322375,72.02000859835526,15.6830102269633,1.0
13,76.02940352286973,36.95490714759556,13.93564928455611,0.0
14,47.35205430978745,38.014237898526,12.745835492257497,0.0
15,45.326313941328934,76.97976439708344,14.920286236183454,0.0
16,71.2474370274559,48.07665133961837,13.902284330571845,1.0
17,55.079160653045314,27.57336698549863,12.044799404192881,0.0
18,50.52277272223554,41.14443892035112,12.607191043767084,1.0
19,43.35572249002144,69.57636117554708,13.993375824702486,0.0
20,64.83926628220567,11.061359833304884,12.967228970495768,0.0
21,28.023790177512257,47.833020169369846,12.279180706224835,0.0
22,56.58549459784233,49.917997297129304,13.7111823129156,0.0
23,55.3026389270951,38.310361679670166,12.63954422892575,1.0
24,50.96462033558448,23.882651838305033,10.980053942752592,1.0
25,48.98183184414119,41.84514915457163,12.397030224635147,1.0
26,31.044279662656088,45.53860556678642,11.540362431838899,1.0
27,25.401997152479957,28.135306611681877,11.001260172782391,0.0
28,25.863870847465943,48.598959161172424,10.927724658328025,1.0
29,58.96676043719739,38.23353107497768,12.963107835529458,0.0
30,41.952994190495104,55.72169623833556,13.25985084055927,0.0
31,40.71496335352819,61.626881816383914,13.306112458990397,0.0
32,34.436068586030544,40.870967907236235,11.852843229983009,0.0
33,49.47046026044075,86.83417927663315,15.674025344165823,0.0
34,36.355180052742234,30.658444229846694,11.30831607864097,1.0
35,41.1323068254537,65.84321768901304,13.496133254488416,1.0
36,38.6415867200133,45.08137547120074,12.088788840749725,1.0
37,49.485507508318776,40.23689922065666,12.505719452788831,1.0
38,47.21615395823685,42.06745918170762,12.620339042876008,0.0
39,79.973210655159,52.74292213196261,15.145712298098704,1.0
40,52.21208956562398,68.60723674381799,13.680254727144243,1.0
41,59.52674146661676,24.76482796528577,11.40689414607462,1.0
42,44.81320032716675,29.21321555486497,12.087357750485161,0.0
43,36.84243834437957,16.47931234940593,10.302683153314034,1.0
44,38.24602172379902,62.800336177508115,13.591547983931887,0.0
45,50.60530762271702,48.610886978952976,13.487473749904453,0.0
46,44.667455709306665,38.55539860664258,12.064279124052145,1.0
47,52.31422311653209,50.25605901028001,13.068025253943295,1.0
48,55.91667541019923,72.12986578482926,15.580156586561209,0.0
49,31.549557039047283,51.65236023567995,12.645027691721705,0.0
50,52.964255535644675,71.46887775254697,15.169095437408165,0.0
51,41.96598090448214,73.03674403759568,15.235910920148855,0.0
52,55.44909118658295,68.54649364165915,14.084981851349538,1.0
53,62.88760432695155,13.396930801450765,12.19167802907994,0.0
54,51.769811946157866,30.923109994731327,11.857150375157225,1.0
55,45.455501776645406,53.966821349829615,12.579562348682217,1.0
56,54.05036883342161,59.42841793236916,14.525564738501908,0.0
57,39.82512663357073,52.11505855866363,12.356471154820882,1.0
58,51.98320867133739,27.318394582418502,11.82922920568235,1.0
59,64.99279316940314,59.87434303475931,15.516995863102306,0.0
60,45.93378855540974,28.63426282412952,11.43875078043615,1.0
61,43.08918580249314,76.97853234617816,13.391062161364488,1.0
62,60.130813562160526,22.372306178546044,12.141597481730857,0.0
63,41.44514035984357,58.53488069366415,14.031625091402496,0.0
64,19.12293621394635,55.6854063543128,12.249252376800966,0.0
65,57.2931645070803,47.97194348779683,13.975602340584857,0.0
66,50.263828622113756,72.09186090360043,14.625257611973097,1.0
67,57.52295149186737,27.991922101929433,11.521883005102994,1.0
68,53.60220582569813,38.30680786590389,13.157940579797597,0.0
69,18.42513346576023,35.660851888914124,10.595110418314734,1.0
70,44.70211191570607,38.270267801449634,11.911132349044891,1.0
71,47.12982893973404,54.2402562346266,12.917793840859442,1.0
72,58.031470685906385,66.57699418156928,15.203499665273899,0.0
73,53.78160521006573,75.27849211522552,14.833006649915117,1.0
74,33.9309136832261,35.23311312387571,12.033340636850236,0.0
75,84.11394958787817,42.69334672786594,14.19530123330578,1.0
76,48.916069148402485,50.35261701464533,12.946211900615875,1.0
77,57.59444692344703,70.28569752028272,14.673907264705216,1.0
78,30.63806560405411,53.08789834247799,13.130839230382122,0.0
79,42.24075375824703,17.354930026068807,11.137632287035911,0.0
80,68.8345389805004,54.368024522119654,15.17305970061857,0.0
81,49.166708144272434,60.33029648390511,13.315012969382284,1.0
82,46.44421696064633,36.34304865302595,11.927533265275576,1.0
83,46.66843913123166,40.91815244749607,12.668293558037822,0.0
84,58.47186508444763,86.27632521825755,17.2854578157019,0.0
85,37.07879716999062,24.138975973822383,11.060825852559663,1.0
86,39.551525322396685,45.356748356361834,11.964764973123549,1.0
87,37.244493885731984,57.15246160957216,13.396100967679164,0.0
88,63.56335214906928,59.70311062935395,14.09316140962995,1.0
89,53.17150548402718,57.41321139665013,13.521947671709617,1.0
90,52.24731333566419,47.55270422196782,13.554734713873493,0.0
91,53.13698199925424,69.90950663320044,13.630427226840618,1.0
92,55.121811257017704,56.39839112018324,13.210934491693939,1.0
93,48.411107170705115,62.01185907228079,13.261012801616955,1.0
94,74.72368065201456,47.19777959470774,14.567995338987796,1.0
95,85.10797494028488,70.41556001754084,18.52794350492829,0.0
96,67.58637437802327,48.348280819367865,13.97035559316375,1.0
97,50.244851629218175,47.515004427827265,13.306228337402375,0.0
98,85.52917425134564,70.40538971856549,17.83352232804084,0.0
99,49.51579128446844,68.57095656425165,14.119344253689604,1.0
100,57.75047831475715,44.82636146958636,12.632360187671654,1.0
101,22.543789225408936,43.79892131283807,11.641984568569903,0.0
102,54.97532383704922,80.75630506159045,15.648565203896773,1.0
103,27.050359507454488,69.85466222328657,13.17278049199898,0.0
104,33.52972162861757,45.73518714902163,12.233463785935475,0.0
105,41.2401099720398,70.53533973906016,13.644372310634395,1.0
106,17.40769661949615,55.20896162189132,12.534698949953828,0.0
107,73.54967733695852,49.75336089741901,13.884359270500864,1.0
108,61.35999105122699,19.003745980831102,12.492833705541512,0.0
109,41.169316342950346,52.23457559199017,12.947203223079041,0.0
110,25.28566572009131,41.73146317619728,11.607076743553366,0.0
111,46.80651525435234,62.377940008591246,13.924012107251091,0.0
112,66.87038652410648,36.69836496671595,13.853998815620145,0.0
113,79.63513377145583,51.31532021240826,15.28475923115395,1.0
114,72.22294597359115,16.57828655058926,12.325536490368314,0.0
115,50.39072453079088,54.31535198099636,13.468406440059413,1.0
116,43.84181202325247,39.4127551622268,12.056828815239257,1.0
117,47.02057662591859,25.976774990421177,11.348905945048333,1.0
118,28.97360586205393,36.647271549966916,11.882214615586598,0.0
119,35.649474194991576,52.15631099184896,12.521179915778525,0.0
120,88.08190767712492,63.222875002019144,15.689804538197857,1.0
121,54.73691270146622,53.267180550206966,14.524298732477552,0.0
122,47.10526513681506,14.071386728685965,11.381713396994819,0.0
123,100.61128650606838,35.16300727556832,14.90271415689247,0.0
124,33.57551897788398,70.0830109455948,13.33651805132886,0.0
125,56.36705051229265,63.25602130764122,14.212046182896115,1.0
126,42.77086639611916,53.454709119551225,13.009035116097644,0.0
127,56.729361152719235,69.35311290424501,15.806200276127623,0.0
128,46.366093073628946,29.259009596453527,11.458854124619963,1.0
129,76.64546593358068,52.51289117209885,15.141685790251021,1.0
130,50.58594842849625,8.743361297772047,11.076883310437486,0.0
131,32.486741514479334,43.096482444576964,12.05142704721189,0.0
132,49.768517514454274,19.213468968742465,12.02452510873584,0.0
133,61.65316582965936,35.62693156196539,11.975377220293055,1.0
134,42.25336424433918,60.07839841134526,12.510453420572,1.0
135,44.73058608798819,38.202081873867584,12.791464878073604,0.0
136,40.913799037096666,50.42786981660941,11.786640674414159,1.0
137,27.693942439944355,42.761827573742906,11.020444264731164,1.0
138,42.580082029802774,59.49746132997646,12.664091588155612,1.0
139,48.078306101142346,48.70769211056053,12.276710779917236,1.0
140,32.56160345061292,36.73663753686876,11.820480212459351,0.0
141,49.958972915831765,43.46191118963712,12.698670110724159,1.0
142,28.14397746186664,36.43543689002535,10.48327889786986,1.0
143,46.31610704604562,55.064260420436334,12.975056789126052,1.0
144,46.9482681302471,86.13171468622365,15.068261356015336,1.0
145,42.60157138602322,56.02652807297027,12.885068790082881,1.0
146,41.067692842981685,43.56520956405066,11.034533069681515,1.0
147,45.37418927714517,61.656959531369274,14.2194771015347,0.0
148,63.88911482949317,43.01079567204867,13.605947552478385,0.0
149,49.35251821809468,54.626768014337955,14.040564198621238,0.0
150,43.05677696371222,51.739909486058046,12.86785745683983,1.0
151,62.957469446478896,86.71908445253295,16.112073336767228,1.0
152,51.006109575585974,37.3445241255033,12.534030936573348,0.0
153,34.085856018048574,53.95140275311687,11.997079419254211,1.0
154,57.19272292345415,36.32208515101303,12.582477734547657,1.0
155,55.7465515296915,54.392310611118035,13.969010242682149,0.0
156,66.17031979708729,56.94849243731621,14.806963532103394,1.0
157,28.251927072850897,40.01383752315835,11.179573781285386,1.0
158,56.027083441760695,50.023867268863434,13.713751427358561,0.0
159,42.94945315348475,82.00144415425679,15.54239550154863,0.0
160,42.358224357272526,71.5600438258943,13.20870708677491,1.0
161,66.01048899065444,54.216695959874336,15.078116667056783,0.0
162,67.31472334640122,31.745326054476703,12.992113288501383,0.0
163,57.64013615003237,69.42979917190817,14.769699447980457,1.0
164,42.0307568564736,65.46028926732747,13.439632849261434,1.0
165,39.43885086437359,55.813213547833826,13.194070214557962,0.0
166,60.91148251084546,73.05229361055811,15.948151127719875,0.0
167,45.67635628930422,62.81568787309682,13.441848416008963,1.0
168,59.152680787861655,55.05566503103109,14.190912657556337,1.0
169,83.339900088387,45.47448985767913,15.44975389392773,0.0
170,66.49430830410313,52.27831045339116,14.388464800708057,1.0
171,41.562045932921365,8.92953038543169,11.09088848199615,0.0
172,45.68979823828517,69.27675825411873,14.383516401120492,0.0
173,41.77447383577304,44.94794400009568,13.05117180545993,0.0
174,49.522352902097616,27.067130824189878,11.727089643115747,1.0
175,58.21429711413136,58.912296715225736,14.603813027511771,0.0
176,44.65922598544151,72.74354051047679,15.23857695387765,0.0
177,68.85760277259742,50.37091697340054,14.573760150680053,0.0
178,37.20331741405542,63.184483796485786,13.288115907586494,0.0
179,57.44041015655618,24.97923211721819,11.74946966499835,1.0
180,46.092713304930435,68.38190555297668,14.368408938683583,0.0
181,43.320580268053774,33.74351298319409,12.7382391762895,0.0
182,26.537803744890763,69.52608336804676,13.035821984324654,0.0
183,71.37913225020536,70.10083951260522,16.62088744133097,0.0
184,54.570993076675705,56.22894977073028,13.909619824626274,1.0
185,64.38802073164746,51.86848821544052,13.173929098774893,1.0
186,32.02129589572607,46.68553550360142,11.762295518876174,1.0
187,50.19181084218016,51.414201300453165,13.798195575369848,0.0
188,54.18817803735186,63.108310399730904,13.837253382403789,1.0
189,71.915170837658,41.92377566243545,14.057815841375776,0.0
190,56.402354300811346,36.19751059244702,11.82461561605324,1.0
191,69.60465086054496,89.0687059999526,17.12542479297499,1.0
192,45.512627121227666,61.41732402101802,13.63290826151712,0.0
193,49.17215482042229,70.06511190829447,14.535630838319058,0.0
194,62.18994885506386,68.20844569953161,15.267803942118329,1.0
195,46.68985694015338,46.94196857573245,12.969498974585715,0.0
196,63.24515088353344,59.18533994788858,13.952302733216479,1.0
197,61.793555062426144,64.92341584845533,14.794689918671553,1.0
198,59.16748581384992,34.345112888917434,12.268782302061556,1.0
199,33.511439397115545,63.488492488552836,12.79962875913968,0.0
200,36.02031881037971,48.77069069189554,12.839660213547573,0.0
201,44.01858874408676,39.66900107667942,12.465600888278724,0.0
202,68.6832114506287,55.16983330231616,15.658467483436763,0.0
203,48.29026268396094,79.3126336664206,15.737784016635747,0.0
204,51.20287020696105,48.87041625384415,13.30429503239805,0.0
205,79.55054937589348,50.461030991807064,14.778348069190717,1.0
206,53.96371789888527,61.05039535738358,14.091882736009891,1.0
207,68.87033589797348,66.39539173027683,15.152166348547691,1.0
208,24.29517123939617,47.78215802953863,11.631419499278897,0.0
209,75.87040422935115,62.17108523723811,15.979713925833307,1.0
210,64.16773586090652,74.37983936183414,14.928336051369056,1.0
211,39.122571906999994,32.83452273332176,11.418932782925861,1.0
212,59.81861843396199,46.47050674093828,13.98560884213669,0.0
213,51.979962022481295,11.559440189617064,11.631744514858116,0.0
214,36.95413045467905,26.93006633185083,10.517287443462072,1.0
215,20.184315673634465,60.171108157180015,11.974443212481551,0.0
216,38.18572099865186,47.20232208176605,12.416916507652937,0.0
217,42.92603548632735,32.2347707242714,11.563636091019438,1.0
218,59.60170515854732,84.39065368848559,16.168731946275777,1.0
219,54.76886939156731,66.27216211921873,14.180705801856368,1.0
220,55.343236753767364,58.31307344284118,14.85764844620485,0.0
221,57.05482898067726,53.395495803994166,14.501963589056384,0.0
222,51.27068234994425,42.29720337708051,12.920621762952871,0.0
223,71.68273535577508,68.05174052224777,16.897030592258993,0.0
224,64.17787638492354,47.79051831820591,14.106346556725999,0.0
225,27.902470611304295,50.95132950501141,12.422616927277094,0.0
226,36.098942888125045,22.129404348223183,11.087008064858367,0.0
227,27.138305907618516,30.473721251628206,10.391260902838711,1.0
228,22.148619010734652,63.470976727627914,11.801514968197175,1.0
229,70.43083414143588,76.98025534724863,16.700659833977515,1.0
230,62.70422673801524,63.2843603609081,15.054030795429076,1.0
231,55.32143162477587,77.3061632384809,15.507152084351045,1.0
232,61.77156095085036,46.99378062437692,14.277833036934327,0.0
233,57.48220737295143,25.148112322557257,11.9702753756358,0.0
234,62.031836398582705,54.414007048564486,14.329371226338173,1.0
235,46.37320761784882,54.48239702750904,13.96400053899458,0.0
236,49.183030058502744,65.45273104023003,14.374944199658852,0.0
237,32.35555740312856,19.92573661477901,11.252161024546353,0.0
238,65.01081772387646,65.0390683522975,14.789428166283301,1.0
239,53.657155165284856,71.74363514982502,15.043460480380705,0.0
240,41.62946205574626,44.2253553194859,12.760804351068728,0.0
241,48.95674988245185,45.81190207567599,12.31095299701094,1.0
242,37.90285906283716,60.650393644437685,13.153595154795232,0.0
243,43.70396569048033,47.9174951212791,11.98875580477514,1.0
244,59.351205484686716,42.91441353597415,13.482938519558301,0.0
245,31.092063695323535,34.49282417525169,11.475799627708524,0.0
246,54.51532970306919,67.61543265159673,14.45588979007067,1.0
247,44.76113551640847,36.96475169290227,12.679600989961706,0.0
248,30.560789161486284,45.6360214006895,11.534647320323462,1.0
249,70.41184076745364,60.267672189491115,14.785673249949111,1.0
250,46.342585846266566,60.806446982278246,13.379557967925702,1.0
251,24.78643418713439,49.77962891298236,12.86642480427517,0.0
252,26.51145611464619,57.42936388979838,11.857654745670704,1.0
253,65.6214746162056,54.839669248797804,15.09193886629182,0.0
254,74.05801279887338,70.42314057602752,15.753210320698148,1.0
255,18.45300347665365,67.29982560967034,11.569567525545592,1.0
256,36.52559316916617,69.37322315648123,13.192814431261732,1.0
257,66.38755367663391,57.29411887454163,15.091519709144169,0.0
258,26.640508787618916,64.22586573121353,12.324119431161135,0.0
259,58.32012127033781,57.37809041804216,14.594282020493056,0.0
260,61.428908420424605,36.72001948495041,13.018176135932025,0.0
261,61.36124376120429,44.89088850003962,13.867376472280766,0.0
262,64.42751673697809,28.532347632915677,13.307069843818109,0.0
263,77.75164576331335,33.268148778199674,13.490211777986511,0.0
264,58.33387282864963,45.24971473735859,13.243605088156476,1.0
265,10.711382793406884,17.71943072801917,9.695517243141975,1.0
266,36.23533514328633,66.20919676290693,13.808794348781387,0.0
267,48.949519991679146,43.095206013610486,12.775496731096737,0.0
268,51.617645413588995,51.81984540908905,13.98267949930822,0.0
269,55.52128617333719,64.65464952138458,13.67568154434316,1.0
270,22.54889457291546,30.93888344646576,10.280791519145545,1.0
271,53.532819412368134,55.263503263546,13.0921117203488,1.0
272,52.487135517323566,63.507334669456455,13.779937486389768,1.0
273,51.82945913972992,50.868649511906256,12.876861834380245,1.0
274,43.706824178905876,58.69692806466268,13.200226924996654,1.0
275,61.12324676101595,30.334604413799354,12.306724798269327,1.0
276,83.50913888179744,52.368826539272376,14.95717100531937,1.0
277,43.73459635218531,52.76820656125252,12.896709606360005,1.0
278,42.58990524045974,57.035779485502225,13.123558053887201,1.0
279,39.31741545048021,31.952222552521985,12.219853320449932,0.0
280,38.86494647705153,31.512728643737063,12.000093480343635,0.0
281,70.79069856500425,33.677477547962525,12.608462998524548,1.0
282,40.69688827188257,35.33943735277171,12.35375669100614,0.0
283,56.16284681347182,40.12291262637109,12.866803347078111,1.0
284,57.06652134021138,75.72353948088133,15.129881811690495,1.0
285,16.104625154009845,-0.2634370031006412,9.324067685519312,1.0
286,58.616345381942445,32.13314553597635,13.001641994646556,0.0
287,44.68868789420276,28.639709663781677,12.617968322302998,0.0
288,23.04498754443416,40.72574446376565,11.435115235355081,0.0
289,63.04031381612354,62.182269626727496,15.043732984689312,1.0
290,63.82256931735537,46.04367665011208,14.677736906806526,0.0
291,61.83835844681094,74.56875297168963,15.770480663419054,1.0
292,42.94397613240944,76.88983747270859,14.334427814326542,0.0
293,45.07033618774508,29.07620515150981,11.62606857303303,1.0
294,44.33281323677781,47.98859837084786,12.41416286370794,1.0
295,56.96961369601643,47.3155336327656,13.792603400404293,0.0
296,62.37342214637187,29.32101788538661,12.950833424104857,0.0
297,59.908638499113266,60.20571325975522,15.3082066142263,0.0
298,30.68954620461333,42.807441230060064,12.16918867194902,0.0
299,35.199327457682344,15.286177213001537,11.680533911772294,0.0
300,67.42850549156901,66.3277491356647,16.22625087753821,0.0
301,53.59399488199481,15.122086689617689,11.403110587213105,0.0
302,37.480931157811504,37.46993607213705,11.419229592948044,1.0
303,62.837078385211214,64.92565009570905,15.56332724607694,0.0
304,49.385282506895926,63.50877540285195,14.084366552846388,0.0
305,51.47029124869615,80.9798277767733,14.907773159784336,1.0
306,21.49133260650826,50.581709001265814,11.212489406404949,1.0
307,11.207875762367934,58.753324605801716,11.288947953725996,0.0
308,52.307673709914994,60.83909540669947,13.445295429673335,1.0
309,49.6181553088818,73.16221265890337,15.030050514936494,0.0
310,59.21357948219011,30.666200681143337,12.473532711136734,0.0
311,43.29031075432692,39.84414227508205,12.466581256638362,0.0
312,47.49440592379109,43.77496920649697,12.828537727612426,0.0
313,46.23202680046273,30.768137869423207,11.737090072931302,1.0
314,47.86409482310777,13.42644834437241,11.028311707302308,0.0
315,77.16409371510605,46.42373819916231,14.311407702669362,1.0
316,46.058697311521925,83.02330764602384,15.38729446212628,0.0
317,63.04855495100186,60.28743046114726,14.763340780681363,1.0
318,79.23489511948873,57.96440694334726,15.051431120925608,1.0
319,49.78522005046798,64.29675556511623,14.372921308859484,0.0
320,23.89947192863247,70.88920904325664,14.22592007364381,0.0
321,42.760244169563954,68.43113918878797,14.293269350504543,0.0
322,50.78672536090551,59.31435188842669,13.691135080164527,1.0
323,5.927473444009429,50.43431540594622,10.440918579917918,0.0
324,43.150325730943734,37.856477073360125,12.397713262094639,0.0
325,56.380194049866105,47.521705237442426,13.936080646279038,0.0
326,62.54632939340199,33.91432447846731,12.098944025058291,1.0
327,79.92663693492125,15.587662065162348,12.08202958023637,0.0
328,55.739643614123366,37.44916471565784,12.363287036618614,1.0
329,59.84698815736945,35.33462044079365,12.216668004026184,1.0
330,39.12130732831221,54.54004212870353,12.644770638533426,1.0
331,66.0502678261671,63.531783483255865,15.597649610494706,0.0
332,38.29688593942206,48.95924556412446,12.80578241189899,0.0
333,46.67928279285808,27.816485036638706,12.867381666823425,0.0
334,66.80430277709794,22.475367467178046,11.419972676486102,1.0
335,68.42317323688391,31.746617364017638,12.892943637564064,0.0
336,71.16454594838876,42.092786829055235,14.201773804197598,0.0
337,60.93025555798175,40.527537689362916,12.882566157765467,1.0
338,72.53648389945394,41.6725807906881,13.545402880731663,1.0
339,42.674440415506844,50.19404590776089,12.803757569421146,0.0
340,44.225640223438916,40.70096727889034,13.689246870845396,0.0
341,52.922730926419426,33.28858692754025,12.171414350375446,1.0
342,58.95373271690617,59.61537112864459,14.992286543706635,0.0
343,44.72588430324687,67.88659076409486,13.700533984198064,1.0
344,15.239422113268098,49.79010709490231,11.764951956773917,0.0
345,65.38984100008284,70.10535581224292,15.792816212128946,1.0
346,53.99479739294134,37.757837852588196,12.478866007834487,1.0
347,38.28887708018567,13.858106369210745,10.396337118248532,1.0
348,63.1175757520513,64.09947002302532,14.405275292112021,1.0
349,44.99049458425014,58.46353498861672,13.609507876545537,0.0
350,61.855252126199254,72.56361142121601,15.201959617030338,1.0
351,42.69895937412794,54.56340429860506,12.92392186593047,1.0
352,50.16414530956911,34.89028875275673,13.01152400530343,0.0
353,36.49436082841284,95.0484239051044,15.361252887578916,0.0
354,44.21354523735033,40.278390754677076,11.433653969644357,1.0
355,31.964425382324702,17.446450041903063,11.072700591516817,0.0
356,14.554961461180788,54.19301668494108,11.67818555030385,0.0
357,48.219193588517896,24.317281005392946,11.804836015598879,0.0
358,32.41526744276247,61.36909127517829,13.189194403553572,0.0
359,59.57550865558241,52.79650228641469,13.069825964346574,1.0
360,56.367501169131266,54.99338128285599,13.998387456773115,1.0
361,54.723303857947414,44.790999260544,12.295361011371362,1.0
362,52.96309568226907,52.374617891758774,12.502869433055166,1.0
363,43.607825944672776,60.124024303301134,12.562262300279494,1.0
364,72.94694115587777,21.863377201723207,12.840573978647615,0.0
365,54.73069315905422,31.2799937020541,12.74279792676291,0.0
366,78.46112804341757,60.96034283697806,15.289177942047408,1.0
367,49.689038444690034,48.40970563867749,12.687537837003294,1.0
368,56.983896778055716,57.91167495812377,13.410205840627897,1.0
369,37.601244305250745,56.97099070837288,12.5868007404347,1.0
370,32.70714964104768,36.091687215707694,10.800300070552101,1.0
371,44.081761401583556,36.22510886398465,11.467685920358145,1.0
372,42.67143315956744,38.7381870039666,11.901395001881985,1.0
373,27.4954497191483,30.307315830027072,11.026412531817378,1.0
374,43.28642550459841,49.69701427978865,11.88251750460572,1.0
375,53.405523914022346,56.67728295500771,14.295998995265949,0.0
376,26.596603939510878,43.7558653019162,11.609877537247604,0.0
377,48.394322529816556,46.77786691590917,12.480747799863007,1.0
378,61.602359939222325,79.86793254281523,15.380428574181638,1.0
379,37.75216544588774,67.09997750741427,13.656466161877177,0.0
380,51.5696290375433,50.811425605769365,13.46994688637228,0.0
381,45.63463036001161,70.59630814841577,13.987817053448845,1.0
382,66.14608052409187,29.18071647736962,12.44823832003078,1.0
383,32.98861122376193,56.07423939347264,12.559406546826315,0.0
384,31.544505692125938,58.30309777870775,12.13725947085367,1.0
385,61.29003441228831,55.73199511267232,14.09063820047021,1.0
386,44.01323112722603,3.391757758335743,10.818094339934833,0.0
387,55.64216252051018,35.53791456650912,12.458442999075839,1.0
388,34.722917192368314,60.25888135527728,12.909965157746822,0.0
389,38.64024438596957,34.60435768454583,12.519313499173691,0.0
390,37.66651568668742,48.49988230829825,12.294941954840484,1.0
391,48.015054586051484,21.7327273969911,11.845906370935133,0.0
392,51.29215216737648,28.885438427081986,11.707363068586082,1.0
393,58.448222919309465,62.01911037679494,13.679435430961794,1.0
394,56.93839266810491,19.823581970350663,11.300465510295616,1.0
395,49.983345494164894,50.06976194701668,13.2293926478989,1.0
396,35.22267479314405,19.031520826770556,9.895472610699295,1.0
397,41.86966017310462,44.936935001104764,12.485374925213854,0.0
398,47.25680282251986,73.18904410299345,14.73332532012327,0.0
399,39.217746988808216,71.90197277043427,14.219252259922218,0.0
400,76.82592618219476,53.67417433195753,15.10219998607759,1.0
401,44.32588792322342,29.840609795097674,12.419696272425101,0.0
402,44.194812078468345,58.115244202778726,13.445633426884992,0.0
403,53.7574173501735,29.99160852039556,12.054375510515086,1.0
404,34.430192971423565,67.31500747327638,13.01023629706213,0.0
405,51.339023883038486,37.59321076549759,12.642414692745593,0.0
406,42.292507980607326,77.21725353917235,13.748049504423085,1.0
407,52.88569136529618,38.411797231406005,12.806777059948514,0.0
408,70.05660543182204,30.724206168367964,13.218355941777236,0.0
409,40.394633025931746,52.193836940417604,13.053956290392158,0.0
410,47.112756287754365,37.029427309860814,12.69580630929797,0.0
411,69.6916388240989,91.6885416880647,18.418259066671283,0.0
412,56.326767999151365,38.15837671079289,12.108174499213812,1.0
413,52.45908393844542,28.79231197724829,12.123752435184338,0.0
414,58.24363626655318,46.109835573985876,13.496091853723186,0.0
415,42.109878710606885,71.42820078093398,13.578626850614338,1.0
416,47.492521417618384,72.17040336930242,14.13596903142353,1.0
417,61.268802597565205,59.768543320291684,14.522528185672314,1.0
418,47.74686979170327,30.067267414856644,12.387153712812747,0.0
419,68.81719462692212,62.60805521505699,15.230721188127674,1.0
420,4.99576650409896,41.77759617773532,10.124285627342108,1.0
421,32.679540331460316,32.3480091526577,11.38251872766906,0.0
422,51.08980600732385,72.60091796649527,15.01947642934883,0.0
423,68.48885986437736,62.84765655862287,15.420746533014581,1.0
424,40.849592942009764,62.50648985631935,13.611286918209041,0.0
425,60.2908872512988,74.75514927835158,15.389139690702022,1.0
426,68.47545387539515,57.48221115615583,15.03634292708223,1.0
427,31.941241692914694,58.683945651583706,12.235400533690779,1.0
428,59.24149031078756,46.99261574425175,13.344602583223034,1.0
429,48.826694024382995,38.88217413159766,11.894649325809297,1.0
430,41.94004928017229,47.48646270627528,12.605108667845483,0.0
431,39.43329919921131,83.93630631251418,14.521878738974673,0.0
432,45.159892427769066,36.91272300384736,12.714239878487618,0.0
433,44.557683536804916,54.634190649486634,13.141755771501066,1.0
434,49.921956375138095,44.75762074776456,12.153391822212052,1.0
435,52.41401259288098,70.51533800643718,14.72711333032838,1.0
436,68.53079498314719,59.50289567360718,14.825789613376672,1.0
437,60.0550046259449,60.135232738049325,13.822154907730614,1.0
438,63.17440083635509,51.681832120652594,14.581687456301104,0.0
439,47.41862140214598,50.39274601433713,12.9617289459132,1.0
440,18.855777176596792,34.79680700662939,11.423900392522885,0.0
441,50.38365547595936,33.29710900132109,11.645787105101292,1.0
442,48.25979000970701,46.33180635585054,12.7901362472126,1.0
443,33.45847741480261,48.47161919724576,11.8511292737013,1.0
444,63.43629139233886,27.73495801480775,12.592918048779472,0.0
445,71.16906673525666,24.83369363004075,12.847720271084953,0.0
446,26.201715064873586,55.89285831446798,11.991096133964959,0.0
447,63.76147826970159,46.23042996878447,14.070239403005337,0.0
448,39.090195870311746,59.0904632217636,13.43345430899236,0.0
449,47.60370015608301,39.797705614773875,11.948577911622193,1.0
450,39.67212787724521,16.142658978870273,11.593853691213528,0.0
451,54.9722857479122,32.314408587597455,12.234420572999115,1.0
452,43.42369642232421,83.2698194742496,14.758863750798787,0.0
453,35.49850320812329,62.181878565603284,13.330272181243513,0.0
454,33.3862831361712,78.57146914828871,13.258411787919302,1.0
455,48.88348464367863,46.98672433291207,11.945203155670491,1.0
456,58.91917029642966,59.48962117324662,14.37318286492766,1.0
457,25.471617377994335,46.87367584062686,12.02023294724152,0.0
458,46.57767695975595,58.40095093573804,13.115692027384114,1.0
459,21.959324593471855,30.90018544868786,11.62990549321404,0.0
460,48.95352674655694,49.56759294300672,13.671273536430482,0.0
461,28.24537928052247,65.27307059406746,13.080799480007895,0.0
462,49.387414139680544,41.519017122221065,12.921378530419812,0.0
463,19.833717621022316,66.40306098641898,12.194163488156367,0.0
464,50.1395626291621,38.73368936357199,12.329887829808317,1.0
465,32.63427126654828,36.97596718878092,11.762014385383196,0.0
466,38.12012184624309,37.72938517639755,11.659436859043895,1.0
467,31.692886845909566,48.36224439284887,11.850030937463899,1.0
468,54.21902334488831,74.89438051354496,15.372756683030584,0.0
469,56.11490661994992,35.21577658042379,12.948622897641114,0.0
470,58.77245688431066,63.618954633216624,14.697914437139685,1.0
471,35.82394472693374,61.85457105918574,13.02493542462179,0.0
472,45.3823835195163,37.6990992593129,12.054447857761298,1.0
473,53.19275557389562,49.19251100073447,13.162523219571868,1.0
474,45.41843059008181,95.91442994064359,16.131279527847347,0.0
475,47.93894323269948,51.80047602371123,13.186785232493346,1.0
476,48.9812575384021,50.939378696159444,12.980156253138743,1.0
477,61.493358313827784,53.17583111626906,14.347757903322089,0.0
478,62.54834013648007,59.34381100986457,15.200235344434324,0.0
479,52.86814851243798,68.12637481374463,14.034786679750436,1.0
480,59.23365105669765,45.0367713168133,13.916357227668223,0.0
481,68.06102887639095,85.9182675692998,17.514031271088925,1.0
482,39.35755100296144,54.2369495389197,12.693175737760582,1.0
483,59.60828653471163,39.711080128182616,14.060268409691796,0.0
484,48.97910045386497,70.17985475458784,14.853916713963047,0.0
485,21.16485881643488,60.04490707492924,12.085806466332837,0.0
486,46.54482895348527,31.167421664307323,11.925641602996182,0.0
487,48.725979109066756,49.53665139539449,13.438054515892869,0.0
488,69.16208599360792,86.9834581853402,17.724367529142146,1.0
489,59.35281929754102,67.0527924161334,15.29629468437469,0.0
490,46.92201470270764,55.755605866422314,13.632940314074101,0.0
491,88.05195581361875,62.12684575810813,15.873727483560359,1.0
492,49.829756922608404,63.64732026555812,14.375377366259446,0.0
493,63.93391646292138,36.32280018683866,13.09415916563454,0.0
494,17.21009692740798,27.92672247125133,10.824227797787307,0.0
495,39.3214654472423,51.59917715708976,11.802327545816631,1.0
496,47.351062975828526,56.26379150763269,14.320830611749798,0.0
497,49.68700415805756,33.600301282269825,11.742313618472778,1.0
498,41.06454512429468,77.12614046661618,13.378463091867571,1.0
499,61.80109081414365,47.98534003905355,14.49314821793993,0.0
500,54.169574240063824,64.8106430099279,14.16456466702102,1.0
501,56.031488148755784,63.732997474711155,14.355633501719815,1.0
502,37.81023901257305,40.636158899665645,12.41410972780724,0.0
503,39.92838666935462,52.739368530569735,12.88810249610018,0.0
504,36.09750239416755,44.36266274804253,11.084398887061656,1.0
505,53.62884854883678,51.14802201818538,13.59085435196528,0.0
506,45.706560833727465,45.00446763771208,12.718941276625216,0.0
507,42.76517158666166,36.77043161089459,11.845190612586483,1.0
508,40.062522725178354,71.39061984245663,14.89979120685723,0.0
509,55.26132592502405,28.469219991379948,11.825206873965413,1.0
510,75.84931524996205,47.25603258537563,15.5817671768273,0.0
511,37.22487018460883,66.01493065225058,13.908557723004996,0.0
512,27.94586287397312,45.93295219647059,11.684301996843935,0.0
513,40.26564603421082,52.469670186272886,12.05584544116451,1.0
514,49.11705218266829,40.0976557052817,12.69591224111503,0.0
515,38.25679549359599,68.93152101610187,14.47911233315076,0.0
516,78.59316607821278,22.83513870267406,13.152188854567727,0.0
517,63.538126075748416,56.52011583982068,14.522995516238954,1.0
518,59.98595355088723,61.490054210076195,13.667301410823551,1.0
519,26.554990709926496,46.24969467857795,12.330890185301527,0.0
520,36.440256938573505,23.57128275413146,11.369461011773623,0.0
521,46.269290716094176,54.64792044471109,13.297042503962935,0.0
522,51.703124994479886,35.15139840287962,12.527325039512442,0.0
523,30.444158965893905,35.46064197043802,11.988006240449131,0.0
524,40.63255144103614,74.17043425097602,13.482559780944785,1.0
525,59.40938233033857,42.052756623581836,13.223870866449719,1.0
526,56.37500397364503,67.86137881521674,14.192749105543685,1.0
527,31.93156648746989,34.95840664111439,11.224527518629989,1.0
528,38.27859384800717,50.59152584909638,12.617382157470477,0.0
529,75.91394623959623,29.979678341503348,13.204369215539725,0.0
530,49.87156091945583,55.598430761327826,12.884463529345588,1.0
531,67.52574658089172,57.965812697633154,15.239245990444424,0.0
532,69.48934077965353,80.13467590891753,16.227826385699352,1.0
533,43.21195119899632,35.529749214669,11.724987447400636,1.0
534,50.70481755847037,47.952091635103315,12.937180605012975,1.0
535,50.37700614277576,65.927165201555,13.76157224963041,1.0
536,60.7049077717965,53.165045009080174,14.142117371459523,1.0
537,64.82183707755897,51.05190911301118,13.418519803903468,1.0
538,29.354012153051293,55.28092735698891,12.113817040321166,0.0
539,42.50004981811552,38.698930367871256,11.492169159850414,1.0
540,40.12176823647678,36.853969403366875,12.013371189319674,0.0
541,6.943822278840038,44.856839221885316,10.85433773348405,0.0
542,65.61364773098714,51.56186009227028,13.833822538450123,1.0
543,50.74589728572467,52.130660759413786,13.551878253144976,0.0
544,64.74550602252646,35.9012617575987,12.827773469579322,1.0
545,38.821385873027396,64.57093395840936,14.053857712629826,0.0
546,22.429464460364187,51.09424143294939,11.11149777277036,1.0
547,72.61287996690079,18.3336107984943,12.633702882372942,0.0
548,27.90651783976107,73.35342922256288,13.103052448193099,0.0
549,40.857534604951084,36.33964696705243,11.651412988887266,1.0
550,48.770701354167855,36.10006591965512,12.039665322095736,1.0
551,40.1355966564702,42.2933829900096,12.52594447926465,0.0
552,46.84473423601707,58.8296856295309,13.170714770356092,1.0
553,53.552384457578405,70.79452115258835,14.971993550105967,0.0
554,81.42032844038727,81.08545218959154,17.147024760097725,1.0
555,52.48655022309283,26.907570606858457,12.408186997477024,0.0
556,46.95947787129706,42.68665566104137,12.095512924352693,1.0
557,27.560440647991474,74.74992211675368,12.534274516364228,1.0
558,56.4656573479504,33.17616705612831,12.912758049376016,0.0
559,43.5429882879216,47.791041593637885,13.306699193942787,0.0
560,84.89043907836222,75.19867629888489,18.669603804563433,0.0
561,80.93582574233366,24.033471905630257,13.035773741873646,0.0
562,68.95178414091694,40.23127917720393,13.567216185612041,1.0
563,38.05138742918322,52.087884850886724,13.062163232646663,0.0
564,41.291199171489346,23.504991819853828,11.340337628814238,0.0
565,72.41269032904665,36.0132436820156,13.662521467486009,0.0
566,35.02800505427301,37.68009473544393,11.039498080253235,1.0
567,61.191312294465504,42.92937551736743,13.828687600470065,0.0
568,58.019689205668705,35.71183362244861,12.855591493133703,0.0
569,42.28168274258212,41.693598806135114,11.657840339494914,1.0
570,49.04212691933127,63.24545558898076,13.271595824305622,1.0
571,39.908575877427936,52.78718873734849,12.652642725665002,1.0
572,64.82939909260361,49.51713154079952,13.391932891843265,1.0
573,51.25618371993327,99.50672818294868,17.15549610148413,0.0
574,73.56947514317379,51.09058141690817,14.31627819713841,1.0
575,49.91732095606863,71.5010787231115,14.586483533582124,1.0
576,58.020347152003374,51.33500522221412,14.315256447480163,0.0
577,30.578047755047272,38.742035161355574,11.83540909769249,0.0
578,55.19535752205909,50.63936408636658,13.984278312070852,0.0
579,15.607190573271268,47.347930356030325,11.857538938342028,0.0
580,63.69722754555311,39.91383228088886,13.579495617910569,0.0
581,36.51213244640373,51.08223441657098,12.428509246104209,0.0
582,74.50216579327875,68.25424243256826,17.17121669848494,0.0
583,49.33485873106311,65.63086581139943,14.353836085769762,0.0
584,50.92281746433563,27.458125455888077,12.565600759379471,0.0
585,36.20920692865433,39.153257202092284,11.200075550316056,1.0
586,43.39887864306989,52.1146677926894,13.237338557802923,0.0
587,43.67903564263057,48.91241797328963,12.079802040915682,1.0
588,42.19131762828166,49.93149399858035,13.069302630945797,0.0
589,19.268965355762894,37.27744168906612,10.459835121931178,1.0
590,66.95625703606443,71.8276433013045,16.418775616025645,0.0
591,52.53711429850514,49.3695180515943,13.415670195235993,0.0
592,41.073596914057504,22.59272799082899,11.02908871703712,1.0
593,50.60491913185351,40.141586267129924,12.06145702053445,1.0
594,74.51549108009618,80.42612217953446,17.50293546948511,1.0
595,68.35117023887034,63.4313035189895,15.617518934514381,1.0
596,36.51029514905963,28.885756320685744,11.153541782722181,1.0
597,39.65249349200683,65.53580605091577,13.624414414673613,0.0
598,41.42260194923426,60.412524832113704,13.012530426810347,1.0
599,43.06528663411781,81.4619309187444,14.742385016263002,0.0
600,52.59062887880944,49.18510220043288,13.813922730545297,0.0
601,34.19586954677346,22.121218004478564,9.585856032396594,1.0
602,70.61292847336861,29.34353865135205,12.982684430303735,0.0
603,28.402460986315496,48.04228013034292,11.091545431224457,1.0
604,70.67741398844007,37.27144607347529,13.756111525622446,0.0
605,37.69465872548457,51.240360395373244,12.22390420825537,1.0
606,84.03047538392832,17.645730395982525,12.58518822004538,0.0
607,77.35021906944115,60.62124790230426,15.790616734346566,1.0
608,24.642966975338684,30.61862851571591,10.793215925416481,1.0
609,55.38707085082799,27.733271832450587,12.588660248436025,0.0
610,61.36748295840894,41.216323214991334,13.881660964996149,0.0
611,24.963820058446224,35.299837606061864,11.31553587125024,0.0
612,75.1792965061008,49.00390244135451,14.624510276476771,1.0
613,48.110299374748905,50.28857467118503,13.090110454933669,1.0
614,44.78814470286844,43.893705531939304,12.499997482631652,1.0
615,44.12230227753092,32.91971541538177,11.575258285990769,1.0
616,19.347083022323336,30.67362206309908,11.245319094500537,0.0
617,61.578120959365044,45.36561686299481,13.369725645308193,1.0
618,64.36286441652601,56.26877065758216,14.277404823961831,1.0
619,60.598183631407,37.04313158082482,12.49378388076003,1.0
620,81.95693989768084,35.30208585034535,13.965199304929781,0.0
621,79.15288231868884,59.29176283098866,15.318104371694343,1.0
622,50.41961717515276,58.922916819773874,13.264949480535982,1.0
623,43.0102780666204,55.055141346951345,13.082223464339,0.0
624,34.57546557794477,51.54880261923366,12.468327347303202,0.0
625,46.37551513905521,46.18184741004822,11.842958965585726,1.0
626,56.33126002131407,60.19648223852953,14.347896713099875,1.0
627,45.7919642431084,59.05344503548432,12.80249870513762,1.0
628,48.50138725736082,42.626441758333975,12.607666489765784,1.0
629,34.34816363949699,65.72103633206969,13.026620730369189,0.0
630,59.197060098523025,45.07323018622647,13.752266694472329,0.0
631,29.23453254200816,74.89839710721738,13.993450185020574,0.0
632,54.28643733043213,26.76137775829401,12.440792036585009,0.0
633,64.73664907800674,55.28122728971148,14.573281392645537,1.0
634,62.30231073233442,29.197390441346855,12.342844280196609,1.0
635,31.42585486944299,63.76003840671471,12.932062760948988,0.0
636,42.39997978651412,56.21055718302253,13.046998944114474,1.0
637,49.88596278376535,65.43496708004024,12.47950570018529,1.0
638,39.90333218201575,47.19478553913815,12.6196259148641,0.0
639,51.787061059378956,59.390797929392804,13.353410255411996,1.0
640,57.20325520964566,47.092883961666004,13.185085655038971,1.0
641,74.0219196608805,61.676760453336904,15.872246472172161,1.0
642,28.688241560245256,49.719996399319115,11.356607617221194,1.0
643,48.04715271015196,63.10131375527328,14.607391996204525,0.0
644,44.84766962248652,57.43692836623516,13.675309960387528,0.0
645,56.19393284534768,42.339624923967754,13.113890054878464,0.0
646,57.57031437911237,42.10726283575451,12.64313803791861,1.0
647,41.418151619346155,39.253490876326026,12.305568784690767,0.0
648,61.78343656356212,62.90820341921385,14.956901140015091,1.0
649,33.325531101121896,62.27076655838606,12.89523746292629,0.0
650,57.361703725120485,32.655218343629514,12.512385322353781,0.0
651,47.859576236168294,56.299800331948674,12.734339871641021,1.0
652,35.42598792312944,45.30296521140225,12.226559746278776,0.0
653,48.66474973293511,15.133283877092602,10.756743436494057,1.0
654,61.66626490210043,45.22878738319669,12.821375558112383,1.0
655,33.44178748391201,41.611847983252176,11.448850526080037,1.0
656,69.47171211364278,48.959479915629146,14.211158880911341,1.0
657,45.528713419418004,48.252036352347204,12.943807512446,0.0
658,28.096193556596468,19.04965334172339,10.670072262968402,1.0
659,23.297208140822384,34.24042343806897,11.317626090853551,0.0
660,35.304390727317895,46.45874272933123,12.510578985269852,0.0
661,37.63635195422551,36.63812137735627,11.264954991926864,1.0
662,32.50355426695622,40.759781282388545,12.40291661432454,0.0
663,52.68442162174822,42.45055456302945,13.063312275197323,0.0
664,23.646358384433075,39.14528403760291,12.132759023321814,0.0
665,64.14849609396067,37.72257891959345,12.94024369926816,1.0
666,45.49167206626767,95.29625008015398,15.747944325393807,0.0
667,36.62866020586656,61.427126570075345,12.66708759302303,1.0
668,44.02118071848801,47.61931891842417,12.48792319403367,1.0
669,45.24287855156003,28.37495486766358,12.451010431073517,0.0
670,58.96882758852233,94.07311389479221,17.385703632353554,0.0
671,49.18918642682137,43.45781891337173,13.007927739654907,0.0
672,60.044383893203275,55.325384680675626,14.241004661019536,1.0
673,40.757069376174684,45.571119283909134,12.745799706579703,0.0
674,52.730083681717446,61.23902900006201,13.856925486661195,1.0
675,40.78207293477915,55.11651436644726,13.514054991228287,0.0
676,34.310653425334664,71.85912891880925,12.612683135328863,1.0
677,34.84985983544882,51.72701811054804,12.141487669096103,1.0
678,73.97656140742464,30.21448765099928,13.28163909799108,0.0
679,53.55294192357161,56.134251577010815,13.85434245907904,1.0
680,44.22064650091322,48.1584519716237,11.806436658651503,1.0
681,50.34117406009465,57.1196467769576,13.382636298196246,1.0
682,67.12388450486775,36.697905904570796,12.58287125963207,1.0
683,50.28294268368417,58.891820179352365,14.031247583422847,0.0
684,33.682840931652954,51.45566546253716,12.369098463722565,0.0
685,68.95049561402695,70.9719199709657,15.72435978727167,1.0
686,43.43596826477294,27.12322583187532,10.94133224487597,1.0
687,58.400285567153645,62.52121542001886,14.375265603096135,1.0
688,66.88052889824381,38.360083718094764,13.221691452675275,1.0
689,72.17770163448678,57.947275875979734,14.7835874128001,1.0
690,45.92008157049965,34.97040645441364,12.053697773112408,1.0
691,60.60434677885483,32.43630888054369,13.065415409424867,0.0
692,38.38341740142494,52.542380921559484,12.830262714608319,0.0
693,44.63119965000541,29.039287078123184,11.736198363844181,0.0
694,45.18523487411295,52.38562890134915,13.697653839573844,0.0
695,41.165254995548736,50.966739572741034,13.135329859450117,0.0
696,48.29606037227993,17.18354543998877,10.822478019415215,1.0
697,70.89970113436934,52.13851808947479,15.070169993584557,0.0
698,64.37272651714393,54.34613059671684,15.170672350590394,0.0
699,44.55216496747421,40.507848185666504,11.924468502644007,1.0
700,49.69194579505378,57.2640479057461,13.838760687724347,0.0
701,31.956279229102286,38.52184031265527,11.897460152805127,0.0
702,50.857198895757456,47.81808123091876,12.868774516422558,1.0
703,65.00291443108733,78.20280805368526,16.52850664541904,1.0
704,52.464914346592444,31.49624529455724,12.818915168724075,0.0
705,44.79190493371888,57.405210716755064,12.60703811257804,1.0
706,60.36115064102073,57.39062456154958,14.376529931441528,1.0
707,36.85039049478208,20.295017934692506,11.125883189374115,0.0
708,39.74896966417711,27.42583385523669,11.498902734805158,0.0
709,30.1668638192891,57.29528404425879,12.59725721906476,0.0
710,45.883050619238425,62.72721222471482,13.595189430522392,1.0
711,48.811316454204665,59.92894130384588,13.422304568589489,1.0
712,72.49439249434451,56.52532014935811,15.48288241300042,0.0
713,69.97282357019769,57.19506645900278,14.632601100382596,1.0
714,53.632521301941175,35.90685933573854,12.226409526455374,1.0
715,54.96947062385098,42.18543345078287,13.679515195224331,0.0
716,14.758649203852094,22.981141081456588,10.489502735821794,0.0
717,38.052052583046944,64.54443457294173,12.843724624192005,1.0
718,60.38639916321687,63.389297355541046,15.300553129569302,0.0
719,43.2689402270408,48.68008244453662,12.764017970479353,0.0
720,89.417831723572,58.66485966526625,17.67539288595388,0.0
721,63.31451332288964,53.09493552106618,13.262476486749282,1.0
722,68.29081453850955,69.00033878572478,15.660237178359129,1.0
723,60.02890056910029,39.42299221045745,13.22131689983836,0.0
724,44.835029163136284,39.51978097672402,11.61592856098695,1.0
725,61.34642230697288,50.11703489238335,13.831647180377576,1.0
726,32.52090407670341,29.22846577807066,11.22913768644561,1.0
727,49.19533267798451,71.71450325077842,14.601402114596299,0.0
728,24.33593139307299,66.57677769566071,12.480243461634984,0.0
729,60.95844931405623,32.90464682356192,13.326737196059634,0.0
730,43.584487824219806,53.0945741174471,12.475450360146766,1.0
731,43.22749975775455,45.84713537322642,12.779145918528258,0.0
732,68.84658279857922,40.61963943719235,14.221636506955827,0.0
733,45.2264544285175,21.246525076605767,11.0682060328969,1.0
734,68.96661001175251,28.15641232824127,12.58674029089809,0.0
735,37.691953396343735,18.79981134830629,10.316870078549378,1.0
736,55.21189152347784,35.27080457750418,12.760442839748618,0.0
737,60.20083458139176,65.63174016886586,14.533600977214109,1.0
738,39.973921421174666,46.28247671834497,12.032891171686337,1.0
739,56.20831153661368,78.9146843128591,15.679222384242738,1.0
740,54.93189070595216,23.329542138825957,11.674681525338709,0.0
741,44.52908573150175,17.563664557218573,11.094448118653673,0.0
742,36.53433238840432,53.58153825087466,11.814924997720187,1.0
743,75.40019599057669,79.55035636865817,17.62356325976282,1.0
744,75.99372050580155,18.737709230169344,12.350845696327598,0.0
745,54.39451029566782,41.43038772917707,12.879203747342773,1.0
746,30.941926788019014,39.575778657738766,12.356520878193813,0.0
747,23.393519376373295,38.23468217742101,10.410276731687123,1.0
748,14.887242007111624,44.61123686187881,11.050368307944519,0.0
749,53.59528049038912,22.11040319840714,11.939197251841694,0.0
750,34.99479880809851,63.77373652295231,13.733085747409135,0.0
751,36.015930654941684,31.952252140650064,11.509830137452942,0.0
752,42.91637135492955,48.67535615540198,11.795865746146815,1.0
753,51.925887406798985,3.4627055046911863,10.595371864560764,0.0
754,19.230880016970254,40.55285791175254,11.511892557954642,0.0
755,31.4082819055094,75.45777393119977,13.637121336534259,0.0
756,51.285238664911155,78.92862005863226,15.06794546661224,1.0
757,66.55595262048644,56.749662319746996,13.703422572913361,1.0
758,19.27152401342384,38.8153659586373,10.840261709553511,1.0
759,63.80233132133783,14.815928566534922,12.65069269158217,0.0
760,49.842039648437016,36.83910652558795,12.57633511884728,0.0
761,38.878926360153535,32.3105222811196,12.164012049189564,0.0
762,57.89568791214211,32.1249723931232,13.068401281733399,0.0
763,36.08871178245442,38.68885502635319,12.258322890104784,0.0
764,50.62872615990622,47.988062972422725,13.180581608500681,0.0
765,64.05495827789193,34.425571501557144,12.530159449025541,1.0
766,35.9351883892969,48.45701730081462,11.78399334222131,1.0
767,40.04351755370131,76.41811721788422,13.785577529030073,1.0
768,77.52678423628765,42.17619082776385,14.981715509907993,0.0
769,64.38817773670398,76.72746846572879,17.1729781964387,0.0
770,42.39772840778343,63.9432730675994,13.339845085937277,1.0
771,56.509765020513136,47.432040914269706,13.652234887628515,0.0
772,58.39210328919172,77.85347555607285,15.96716635551908,0.0
773,42.15388089709854,63.50115963445873,13.791973227730358,0.0
774,50.867092380644124,37.62952639272635,12.766733495456254,0.0
775,63.38322241604969,53.615114996948364,13.584278809394885,1.0
776,45.29160450104779,44.24807551562898,12.597388598103025,1.0
777,48.026423166202974,61.30646209279314,13.540398124137257,1.0
778,42.15449552557878,39.10180534935341,11.405539802110678,1.0
779,80.87428400159233,31.708774104966462,13.852269389856032,0.0
780,43.11184445373432,48.32141534147043,12.661554091209712,1.0
781,39.429024590949105,86.43666663630555,15.54354174081378,0.0
782,81.91720750595869,44.70799189479506,14.888068619430422,0.0
783,47.56834146804208,31.62448682174938,11.931579009412292,1.0
784,48.45754860685428,75.96280585857203,14.282082816545811,1.0
785,62.59672938312868,34.32321542233036,12.663369655050179,1.0
786,63.05891594918669,46.98946462106955,13.130703028456425,1.0
787,50.71481673200529,31.00233938338694,12.021011163788046,1.0
788,46.66402673410871,45.65276047297412,13.092841823325166,0.0
789,47.728582661763554,28.051309128755353,12.16782385581306,0.0
790,85.25710672331263,54.63301192223506,15.985856625979563,1.0
791,55.895488145497495,42.77346571986487,12.35742984654507,1.0
792,56.61926050564733,61.16604927451602,14.400730986452018,1.0
793,71.91365682223032,33.41470540212636,12.518592175346415,1.0
794,26.821151317962382,47.488793059735926,11.43222232433135,1.0
795,66.57308796693269,68.22781712188058,15.731586191508136,1.0
796,26.985517208185215,38.69827358800937,12.2351701548767,0.0
797,52.92462125032797,38.83880835341753,12.616298779484326,1.0
798,63.95041194964992,80.74791885675461,16.274394498539365,1.0
799,18.17081210064202,65.42478562248786,12.315140095002151,0.0
800,47.80394739091051,45.90462253787384,12.227091867016963,1.0
801,39.3549624219408,50.467002192184275,12.570160435413056,1.0
802,63.130520748014035,37.099182714264415,12.822904887401473,1.0
803,48.946587262110526,53.174532757994214,13.565030125537577,0.0
804,51.46930661178709,78.4143416621439,15.431790005214971,0.0
805,17.881322016641164,66.37967525668964,12.62819556659451,0.0
806,51.64899598307907,67.44108696221309,14.839437122209322,0.0
807,64.2739701812022,55.58908752440745,13.594595050936093,1.0
808,52.841358727369226,35.37673868113919,12.94292205207112,0.0
809,39.06563403573515,33.256208241988034,12.275265963777901,0.0
810,42.22375492628187,73.4244042173755,14.000876937991322,1.0
811,30.095561089559887,46.69478311008818,12.525202492013355,0.0
812,38.72372836685539,66.91576438013163,13.240256264332857,1.0
813,42.7197058725461,39.05874459244359,11.961930968467476,1.0
814,69.98504464162292,47.992049125045625,13.661280228264136,1.0
815,61.881323077523234,50.24684671232726,14.071376537091064,0.0
816,58.20770636509515,45.6743101988598,13.165925323613878,1.0
817,63.99186365921099,41.62894454051606,14.229586085891363,0.0
818,36.43054992364907,32.52743246470216,11.569062502779685,0.0
819,36.792126147446844,69.22794426018372,14.056154205151257,0.0
820,50.03001531130744,66.26358755172741,14.099504920554693,1.0
821,77.63991482302856,61.29132565495052,16.005690745869604,1.0
822,67.43847207105799,57.833653230141955,15.657079235770112,0.0
823,72.33108051607199,57.308546094205525,15.39419380452637,0.0
824,64.7796307043029,47.855069320502324,12.565582892853794,1.0
825,41.014620975717406,45.34652395186886,11.625423601833665,1.0
826,37.71864148956943,36.71208186164686,12.214001363240463,0.0
827,53.084643276605526,38.80551169880003,11.73238272765622,1.0
828,62.491884749517546,39.83430220959594,12.524400889886886,1.0
829,57.95665897760549,54.483438877480296,12.883782973068183,1.0
830,35.91091389735372,58.76551926784229,12.772536202123863,0.0
831,21.257496474804558,69.42337084381657,12.563816965053965,0.0
832,37.70369544119265,37.29616575406472,12.31088449222019,0.0
833,40.096716363204905,40.250615758744374,11.241676340392486,1.0
834,29.766891125213355,58.613598221869424,12.392082998346119,0.0
835,52.100653076310785,36.686709714466716,12.096661521125416,1.0
836,64.38339997002628,42.37669917930799,13.592529917039844,0.0
837,69.22750058538684,28.6297031130558,13.411988870903553,0.0
838,49.11615693369798,64.1999598351124,14.346255533462271,0.0
839,37.89050879818569,63.45052670035384,13.847222805971208,0.0
840,44.787745148287236,53.44850249952958,12.84667025845145,1.0
841,33.579383017176085,62.44117135197008,14.23385793895103,0.0
842,60.949141409260186,25.09797074250545,11.748083526210916,1.0
843,52.56986384492586,66.09840820638087,13.994874877225309,1.0
844,43.92419020404057,68.63659433154444,14.328797691120315,0.0
845,54.645891823192784,55.50349402666626,13.79176343027155,1.0
846,31.618225784540137,50.816772475214805,11.850144998501255,1.0
847,62.25190410476535,52.06682003803758,14.154260296185312,1.0
848,63.92408934110444,47.1532441854246,13.744357220664728,1.0
849,47.13415434956894,51.6663999990382,13.011743867375719,1.0
850,57.664098956377856,39.94395863796244,13.877543980692007,0.0
851,52.606914106123725,56.88137171943683,14.57717669390273,0.0
852,77.19417512847957,15.061626227179389,13.042166356222046,0.0
853,73.53676186650458,55.970401458012304,15.76613456243029,0.0
854,34.98523398686501,69.57315781822929,13.185415673744215,0.0
855,68.11806331080163,38.8278678952961,13.149879929812725,1.0
856,61.57002834840898,85.35173390472772,16.983815494715248,0.0
857,35.551100857925384,44.200618727293055,11.515670325558743,1.0
858,44.445097009491136,37.48634546040633,11.852622898977017,1.0
859,52.10810624409881,72.92309107839348,15.453942550483575,0.0
860,43.73832119763501,26.151243604939452,11.115681490800936,1.0
861,44.1999922189556,50.61728379799115,12.81210510013576,1.0
862,57.11865159078912,74.0055264730199,14.78825298102808,1.0
863,33.54264099540124,52.97541945517172,12.494918112634272,0.0
864,58.94874813294687,30.453460859614605,11.61315938407522,1.0
865,61.53697054246373,79.8800172687672,15.68226215073753,1.0
866,59.23640682463268,16.6704124561938,12.185068628982242,0.0
867,52.77041422477148,83.38276234622731,15.85932037065217,0.0
868,36.49828352116154,58.48221861736705,12.272856896600109,1.0
869,61.25053979445182,86.26453566911853,17.011247950636474,0.0
870,64.58807605525752,17.844705530164397,11.833075302175466,0.0
871,58.070557193149384,68.92785494785903,14.455379570485956,1.0
872,51.623802934135504,57.99242154657322,13.694209645038688,1.0
873,47.32901948714449,47.58388501907419,12.003366376919717,1.0
874,24.098156472618424,39.861702892179494,11.982672975816374,0.0
875,48.67423679959259,35.23078574225127,11.609109821476212,1.0
876,37.92366950367878,47.51027788177005,12.240145477814558,1.0
877,44.229034704711175,22.51469335876661,10.870254229087946,1.0
878,86.89000755163175,72.21501946386564,18.398891065668852,0.0
879,84.11476404945483,52.76642495246958,15.367887110582725,1.0
880,51.626143439804395,35.30369268151911,11.990230470835705,1.0
881,38.85887406880458,26.917810370228256,10.909545213349517,1.0
882,62.46488713834362,21.707906415517677,10.39268341237854,1.0
883,61.99162771635947,37.23037058091742,11.79504402780014,1.0
884,43.26911406611971,68.90123828089779,13.167936831623887,1.0
885,77.42875807758786,57.49722959325451,14.64209740853226,1.0
886,44.17058518108761,72.42959809035196,13.802187807183282,1.0
887,49.39620166908032,38.84424610977113,12.548396801208295,0.0
888,59.3918468402451,43.93152752556633,13.021101704443174,1.0
889,62.55667754042648,49.774706613206966,13.893173682001134,1.0
890,52.17267497645799,63.417539178942356,13.871129716693641,1.0
891,37.06097346028627,60.269822442946676,13.585362759609506,0.0
892,40.31778115468662,53.82596686700898,12.407405967370897,1.0
893,39.69434469141636,85.72457458310112,15.208715819730333,0.0
894,38.34899193377154,62.29536344574631,12.773829512074002,1.0
895,69.1207918365655,58.83003859787788,14.622210854851009,1.0
896,60.714222677352126,58.23923999991035,14.57679829229101,1.0
897,47.27460901143251,71.2250348077022,14.08261681510645,1.0
898,84.82116652407213,33.99708858394028,14.0377493149791,0.0
899,76.50496938600479,76.93156059686291,16.88088351272501,1.0
900,58.95209486073443,39.53640620935978,12.643652357590918,1.0
901,65.67188186813513,68.56934314107306,15.589585731042325,1.0
902,40.991001093779076,57.2046400952054,12.955158485552111,1.0
903,42.251312910251805,60.36773287465577,12.646331074601099,1.0
904,44.12299634694429,53.86719248565121,12.947690108921662,1.0
905,59.68516102515133,53.500386748020155,14.03295165137423,1.0
906,21.51854750300001,71.31247508732324,13.057498320964589,0.0
907,55.601218760186455,67.66858243279353,15.205687173969771,0.0
908,57.25332309273704,30.052250391837216,12.351774395256477,0.0
909,44.660341001235835,47.13716484289518,12.609257303584007,1.0
910,41.009126764239355,41.32256824592589,11.744335918105893,1.0
911,54.25838419457768,51.575494783237886,13.622638345195785,1.0
912,51.361659451360985,23.784199241636504,10.622373453529772,1.0
913,34.376329550667144,26.83773060217249,12.30026213231094,0.0
914,86.06704505508654,65.85922553830544,17.370086794857873,0.0
915,58.369796376961155,71.33465980466508,15.323390206684785,1.0
916,86.753120906689,40.02818257295496,14.846791249055023,0.0
917,38.26766064676998,45.71867028880718,13.344278536004436,0.0
918,40.06640679132791,86.55193921912044,15.710289549129858,0.0
919,43.105936486909386,20.235251030178464,10.316171635835781,1.0
920,58.20056384835251,34.96313962521157,12.677490048160822,0.0
921,31.78617181802218,41.079752584978195,12.013935909912645,0.0
922,55.14739054920325,49.01426074866785,13.675714048126311,0.0
923,68.54496126497902,62.488868008527554,15.33891103622339,1.0
924,49.43785894642826,54.72276689111335,13.425360995899322,1.0
925,75.35739553362379,69.1011329291187,15.938928418778671,1.0
926,54.80494503463337,56.54698149211774,13.441991448441922,1.0
927,57.80628571573519,56.98285796604101,13.453310196276137,1.0
928,30.938859910406894,53.4912112456077,12.235426236422699,0.0
929,60.07898915344648,47.468148996632394,14.370940624440323,0.0
930,36.85245843141236,44.35437445966936,13.2508695624201,0.0
931,81.98130994042097,45.48154123694326,15.167243344516807,0.0
932,59.98041405928202,33.66297738471137,11.852762488499097,1.0
933,45.80233836249481,41.99056787718291,12.57807815147029,0.0
934,65.31529652561441,56.8230976148689,14.519266841412719,1.0
935,38.98289599099669,42.17425449564433,12.632214167963406,0.0
936,66.44509709111539,56.668871511405804,14.42398639173716,1.0
937,37.936176662582014,31.244670696361137,11.513280582739128,1.0
938,66.0854094028716,45.43399641537912,13.444055562757349,1.0
939,60.93102981465811,49.966519680739545,14.197743861958664,0.0
940,34.366127158397916,42.43342721346986,11.261296972471982,1.0
941,43.22455173276132,25.091981419304865,11.56430579776957,0.0
942,38.37674139615549,50.22477107239525,12.225928274123529,1.0
943,71.56621588342495,64.82702621092702,16.064330522324035,0.0
944,34.23008290329818,43.69630693271968,11.909830241159332,1.0
945,34.51962175935053,29.56444579056557,11.815865196213513,0.0
946,29.37527653584767,40.91634372926026,11.918837329656242,0.0
947,46.97918983449447,33.01511774333039,12.676347173976113,0.0
948,53.74898852837155,30.949264684362408,11.123389590097513,1.0
949,60.671962430181736,58.90258340708326,14.542881944612036,1.0
950,71.33337088903299,48.31980527852337,14.48032818396495,0.0
951,46.79486996688209,60.632336925621914,13.299108259008726,1.0
952,35.694015052842936,49.606760217912885,13.128056785359506,0.0
953,39.4710516756653,60.544620003683534,12.736039354682275,1.0
954,35.8066168867581,60.733621353722796,13.16060635112279,0.0
955,24.18390712766473,28.943572994447894,10.511735186605247,1.0
956,54.30589541941905,34.829749638613684,12.380688066301278,1.0
957,41.11382262810421,49.80130968779328,12.978395624389893,0.0
958,56.009889522620384,34.474999232340785,12.358238095874864,1.0
959,55.970865800030964,65.9026217704718,14.22522241857181,1.0
960,39.8273088649149,24.58512496365923,12.385094014726791,0.0
961,22.92484089785682,41.543680070274746,11.68822162123454,0.0
962,30.50306052805814,36.60846185225199,11.530514452608609,0.0
963,46.77455129417103,60.58561041181083,14.079460086796157,0.0
964,27.76831705798146,90.6563566143299,14.548504671126786,0.0
965,67.64912187783462,59.4351720013837,15.254944531425885,0.0
966,30.596124780740656,53.27178423662171,12.26838604902606,0.0
967,31.110000436823064,37.45665072022287,11.160790327237827,1.0
968,65.31664874597266,49.37151061822402,14.456844653948547,0.0
969,68.5890319709409,34.56513057430169,13.168716169093138,0.0
970,67.25753603550694,23.28272447031297,12.672862030841697,0.0
971,30.192066567229787,51.00264735553054,12.27509149039747,0.0
972,53.91383698541088,59.54243586393756,14.528059914405478,0.0
973,51.75622923414846,37.02831632259867,12.284648448817101,1.0
974,45.87527055088309,49.8753193985536,12.104012568135694,1.0
975,61.580312231262326,46.27387607796722,14.040000390624835,0.0
976,54.02036851589853,82.06490293141896,16.390399263212103,0.0
977,64.09053367951043,55.513303924800326,15.011777087855684,0.0
978,54.12302828819069,51.761577895673476,13.836648221030858,0.0
979,66.20298708462826,55.95727820941675,14.612384847440062,1.0
980,48.32570443661713,61.04626693783085,12.98775138668262,1.0
981,36.09718157880684,58.85435614522771,12.837297566613083,0.0
982,58.86631750261715,53.02416807357207,13.88834280368188,1.0
983,70.34456032261195,41.62694637057271,13.974751154957282,0.0
984,26.105750759042913,27.470762885814498,10.97664386895836,0.0
985,69.76281541724293,63.47370138006033,15.51095602918817,1.0
986,26.74060771531793,46.727881751656085,12.10169864838695,0.0
987,44.884086525431634,39.805956425744895,12.269282384511367,1.0
988,45.20975321054324,35.75893109336885,12.32777833439395,0.0
989,65.89593070049317,22.647758435481265,12.92066855281405,0.0
990,34.21082150508958,66.7731462557883,13.288222962302727,0.0
991,60.950542914849656,59.663648123352644,14.600776586237453,1.0
992,58.344495175101486,46.09140773944774,12.733288338185847,1.0
993,57.82867092147188,78.42342687289221,15.689058248797041,1.0
994,52.45180233664054,8.437683661471176,10.765734595584165,0.0
995,38.65763916694144,47.49251670332637,13.37276199648284,0.0
996,35.846863451546334,46.140384368938406,11.528995056139788,1.0
997,45.0861063363972,20.041153212632587,11.547453144771017,0.0
998,90.94543630496979,46.19897191451904,15.561335290369774,0.0
999,58.58245573953265,17.207049166586366,11.961768357904356,0.0
